layer,sequences,time_us
lm_head,1,113.453
lm_head,2,123.096
lm_head,3,123.032
lm_head,4,123.374
lm_head,5,123.331
lm_head,6,127.747
lm_head,7,127.725
lm_head,8,127.832
lm_head,9,128.301
lm_head,10,128.003
lm_head,11,127.843
lm_head,12,127.832
lm_head,13,128.259
lm_head,14,128.227
lm_head,15,128.547
lm_head,16,128.27
lm_head,20,169.38
lm_head,24,169.038
lm_head,28,146.809
lm_head,32,147.513
lm_head,36,148.782
lm_head,40,215.749
lm_head,44,215.45
lm_head,48,214.213
lm_head,52,216.282
lm_head,56,227.045
lm_head,60,218.202
lm_head,64,217.071
lm_head,80,258.747
lm_head,96,259.515
lm_head,112,260.891
lm_head,128,263.569
lm_head,144,337.885
lm_head,160,337.789
lm_head,176,337.928
lm_head,192,484.171
lm_head,208,484.726
lm_head,224,481.259
lm_head,240,481.921
lm_head,256,483.606
sampler,1,13.419
sampler,2,13.9523
sampler,3,15.542
sampler,4,17.4083
sampler,5,20.3743
sampler,6,23.4353
sampler,7,24.2997
sampler,8,27.19
sampler,9,29.9313
sampler,10,32.332
sampler,11,35.329
sampler,12,37.558
sampler,13,41.1957
sampler,14,44.897
sampler,15,46.8173
sampler,16,48.7263
sampler,20,60.3003
sampler,24,70.8927
sampler,28,81.0583
sampler,32,90.4883
sampler,36,101.529
sampler,40,109.891
sampler,44,121.508
sampler,48,127.684
sampler,52,138.948
sampler,56,151.108
sampler,60,159.855
sampler,64,167.002
sampler,80,207.12
sampler,96,233.991
sampler,112,279.891
sampler,128,307.433
sampler,144,341.289
sampler,160,374.656
sampler,176,409.302
sampler,192,445.292
sampler,208,509.007
sampler,224,535.631
sampler,240,565.872
sampler,256,596.369
