pc,n_label,skew_rate_label,kv_big_label,kp_label,alpha,n_samples
0,n<=128,sr<=15%,kvB<=1k,kp=0,0.0901,2
0,n<=128,sr<=15%,kvB<=4k,kp=0,0.0421,2
0,n<=128,sr<=15%,kvB<=8k,kp=0,-0.1955,2
0,n<=128,sr<=40%,kvB<=1k,kp=0,0.2117,1
0,n<=128,sr<=40%,kvB<=4k,kp=0,-0.0092,1
0,n<=128,sr<=40%,kvB<=8k,kp=0,-1.4332,1
0,n<=128,sr<=5%,kvB<=1k,kp=0,0.0745,4
0,n<=128,sr<=5%,kvB<=4k,kp=0,0.0155,4
0,n<=128,sr<=5%,kvB<=8k,kp=0,0.013,4
0,n<=128,sr<=70%,kvB<=1k,kp=0,0.2958,1
0,n<=128,sr<=70%,kvB<=4k,kp=0,-0.0186,1
0,n<=128,sr>70%,kvB<=1k,kp=0,0.3801,2
0,n<=128,sr>70%,kvB<=4k,kp=0,0.0456,2
0,n<=2,sr<=70%,kvB<=1k,kp=0,0.9252,1
0,n<=2,sr<=70%,kvB<=4k,kp=0,0.9697,1
0,n<=256,sr<=15%,kvB<=1k,kp=0,0.0648,2
0,n<=256,sr<=15%,kvB<=4k,kp=0,0.0461,2
0,n<=256,sr<=15%,kvB<=8k,kp=0,-0.6013,2
0,n<=256,sr<=40%,kvB<=1k,kp=0,0.2212,1
0,n<=256,sr<=40%,kvB<=4k,kp=0,-0.0009,1
0,n<=256,sr<=40%,kvB<=8k,kp=0,-1.3852,1
0,n<=256,sr<=5%,kvB<=1k,kp=0,0.0122,4
0,n<=256,sr<=5%,kvB<=4k,kp=0,0.006,4
0,n<=256,sr<=5%,kvB<=8k,kp=0,0.0392,4
0,n<=256,sr<=70%,kvB<=1k,kp=0,0.2176,1
0,n<=256,sr<=70%,kvB<=4k,kp=0,-0.0094,1
0,n<=256,sr<=70%,kvB<=8k,kp=0,-294.8885,1
0,n<=256,sr>70%,kvB<=1k,kp=0,0.4162,2
0,n<=256,sr>70%,kvB<=4k,kp=0,0.0667,2
0,n<=256,sr>70%,kvB<=8k,kp=0,-494.5405,1
0,n<=32,sr<=15%,kvB<=1k,kp=0,0.1689,3
0,n<=32,sr<=15%,kvB<=4k,kp=0,0.0838,3
0,n<=32,sr<=15%,kvB<=8k,kp=0,-0.1374,3
0,n<=32,sr<=40%,kvB<=1k,kp=0,0.2291,1
0,n<=32,sr<=40%,kvB<=4k,kp=0,0.0223,1
0,n<=32,sr<=40%,kvB<=8k,kp=0,-1.3247,1
0,n<=32,sr<=5%,kvB<=1k,kp=0,0.1389,1
0,n<=32,sr<=5%,kvB<=4k,kp=0,0.0782,1
0,n<=32,sr<=5%,kvB<=8k,kp=0,0.0554,1
0,n<=32,sr<=70%,kvB<=1k,kp=0,0.3699,1
0,n<=32,sr<=70%,kvB<=4k,kp=0,0.0442,1
0,n<=32,sr>70%,kvB<=1k,kp=0,0.7156,2
0,n<=32,sr>70%,kvB<=4k,kp=0,0.1485,2
0,n<=8,sr<=15%,kvB<=1k,kp=0,0.39,3
0,n<=8,sr<=15%,kvB<=4k,kp=0,0.3709,2
0,n<=8,sr<=15%,kvB<=8k,kp=0,0.0175,1
0,n<=8,sr<=40%,kvB<=1k,kp=0,0.527,2
0,n<=8,sr<=40%,kvB<=4k,kp=0,0.3837,2
0,n<=8,sr<=40%,kvB<=8k,kp=0,-0.0395,1
0,n<=8,sr<=70%,kvB<=1k,kp=0,0.4364,1
0,n<=8,sr<=70%,kvB<=4k,kp=0,0.398,1
0,n<=8,sr>70%,kvB<=1k,kp=0,1.1032,2
0,n<=8,sr>70%,kvB<=4k,kp=0,0.928,2
16,n<=128,sr<=15%,kvB<=1k,kp<=2k,0.0846,2
16,n<=128,sr<=15%,kvB<=1k,kp<=512,0.077,2
16,n<=128,sr<=15%,kvB<=1k,kp<=8k,0.0796,2
16,n<=128,sr<=15%,kvB<=1k,kp=0,0.0749,2
16,n<=128,sr<=15%,kvB<=4k,kp<=2k,0.0431,2
16,n<=128,sr<=15%,kvB<=4k,kp<=512,0.0436,2
16,n<=128,sr<=15%,kvB<=4k,kp<=8k,0.0458,2
16,n<=128,sr<=15%,kvB<=4k,kp=0,0.0429,2
16,n<=128,sr<=15%,kvB<=8k,kp<=2k,-0.1806,2
16,n<=128,sr<=15%,kvB<=8k,kp<=512,-0.1915,2
16,n<=128,sr<=15%,kvB<=8k,kp<=8k,-0.2488,2
16,n<=128,sr<=15%,kvB<=8k,kp=0,-0.1944,2
16,n<=128,sr<=40%,kvB<=1k,kp<=2k,0.2297,1
16,n<=128,sr<=40%,kvB<=1k,kp<=512,0.2134,1
16,n<=128,sr<=40%,kvB<=1k,kp<=8k,0.2302,1
16,n<=128,sr<=40%,kvB<=1k,kp=0,0.213,1
16,n<=128,sr<=40%,kvB<=4k,kp<=2k,-0.0048,1
16,n<=128,sr<=40%,kvB<=4k,kp<=512,-0.0057,1
16,n<=128,sr<=40%,kvB<=4k,kp<=8k,0.0035,1
16,n<=128,sr<=40%,kvB<=4k,kp=0,-0.0079,1
16,n<=128,sr<=40%,kvB<=8k,kp<=2k,-1.3967,1
16,n<=128,sr<=40%,kvB<=8k,kp<=512,-1.4166,1
16,n<=128,sr<=40%,kvB<=8k,kp<=8k,-1.9816,1
16,n<=128,sr<=40%,kvB<=8k,kp=0,-1.4045,1
16,n<=128,sr<=5%,kvB<=1k,kp<=2k,0.0175,4
16,n<=128,sr<=5%,kvB<=1k,kp<=512,0.0051,4
16,n<=128,sr<=5%,kvB<=1k,kp<=8k,0.0099,4
16,n<=128,sr<=5%,kvB<=1k,kp=0,0.0074,4
16,n<=128,sr<=5%,kvB<=4k,kp<=2k,0.0152,4
16,n<=128,sr<=5%,kvB<=4k,kp<=512,0.0171,4
16,n<=128,sr<=5%,kvB<=4k,kp<=8k,0.0176,4
16,n<=128,sr<=5%,kvB<=4k,kp=0,0.0175,4
16,n<=128,sr<=5%,kvB<=8k,kp<=2k,0.0198,4
16,n<=128,sr<=5%,kvB<=8k,kp<=512,0.0169,4
16,n<=128,sr<=5%,kvB<=8k,kp<=8k,-0.0148,4
16,n<=128,sr<=5%,kvB<=8k,kp=0,0.0185,4
16,n<=128,sr<=70%,kvB<=1k,kp<=2k,0.2335,1
16,n<=128,sr<=70%,kvB<=1k,kp<=512,0.2124,1
16,n<=128,sr<=70%,kvB<=1k,kp<=8k,0.2257,1
16,n<=128,sr<=70%,kvB<=1k,kp=0,0.2099,1
16,n<=128,sr<=70%,kvB<=4k,kp<=2k,-0.0085,1
16,n<=128,sr<=70%,kvB<=4k,kp<=512,-0.0108,1
16,n<=128,sr<=70%,kvB<=4k,kp<=8k,0.0079,1
16,n<=128,sr<=70%,kvB<=4k,kp=0,-0.0168,1
16,n<=128,sr<=70%,kvB<=8k,kp<=512,-358.2934,1
16,n<=128,sr<=70%,kvB<=8k,kp<=8k,-3515.8699,1
16,n<=128,sr<=70%,kvB<=8k,kp=0,-795.1637,1
16,n<=128,sr>70%,kvB<=1k,kp<=2k,0.4282,2
16,n<=128,sr>70%,kvB<=1k,kp<=512,0.4044,2
16,n<=128,sr>70%,kvB<=1k,kp<=8k,0.4591,2
16,n<=128,sr>70%,kvB<=1k,kp=0,0.3946,2
16,n<=128,sr>70%,kvB<=4k,kp<=2k,0.0748,2
16,n<=128,sr>70%,kvB<=4k,kp<=512,0.0668,2
16,n<=128,sr>70%,kvB<=4k,kp<=8k,0.09,2
16,n<=128,sr>70%,kvB<=4k,kp=0,0.0526,2
16,n<=128,sr>70%,kvB<=8k,kp<=2k,-240.7412,1
16,n<=128,sr>70%,kvB<=8k,kp<=512,-209.9356,1
16,n<=128,sr>70%,kvB<=8k,kp=0,-106.2186,1
16,n<=2,sr<=70%,kvB<=1k,kp<=2k,-0.6443,1
16,n<=2,sr<=70%,kvB<=1k,kp<=512,-0.581,1
16,n<=2,sr<=70%,kvB<=1k,kp<=8k,-0.5512,1
16,n<=2,sr<=70%,kvB<=1k,kp=0,0.9868,1
16,n<=2,sr<=70%,kvB<=4k,kp<=2k,-0.9366,1
16,n<=2,sr<=70%,kvB<=4k,kp<=512,0.9559,1
16,n<=2,sr<=70%,kvB<=4k,kp<=8k,-0.9351,1
16,n<=2,sr<=70%,kvB<=4k,kp=0,0.971,1
16,n<=2,sr<=70%,kvB<=8k,kp<=512,1.7716,1
16,n<=2,sr<=70%,kvB<=8k,kp<=8k,-403.1296,1
16,n<=32,sr<=15%,kvB<=1k,kp<=2k,0.0899,3
16,n<=32,sr<=15%,kvB<=1k,kp<=512,0.0779,3
16,n<=32,sr<=15%,kvB<=1k,kp<=8k,0.091,3
16,n<=32,sr<=15%,kvB<=1k,kp=0,0.1342,6
16,n<=32,sr<=15%,kvB<=4k,kp<=2k,0.0465,3
16,n<=32,sr<=15%,kvB<=4k,kp<=512,0.0939,3
16,n<=32,sr<=15%,kvB<=4k,kp<=8k,0.0285,3
16,n<=32,sr<=15%,kvB<=4k,kp=0,0.088,4
16,n<=32,sr<=15%,kvB<=8k,kp<=2k,-0.0984,3
16,n<=32,sr<=15%,kvB<=8k,kp<=512,-0.1241,3
16,n<=32,sr<=15%,kvB<=8k,kp<=8k,-0.2347,3
16,n<=32,sr<=15%,kvB<=8k,kp=0,-0.1374,3
16,n<=32,sr<=40%,kvB<=1k,kp<=2k,0.2465,1
16,n<=32,sr<=40%,kvB<=1k,kp<=512,0.2221,1
16,n<=32,sr<=40%,kvB<=1k,kp<=8k,0.2383,1
16,n<=32,sr<=40%,kvB<=1k,kp=0,0.2453,1
16,n<=32,sr<=40%,kvB<=4k,kp<=2k,-0.0106,1
16,n<=32,sr<=40%,kvB<=4k,kp<=512,0.0604,1
16,n<=32,sr<=40%,kvB<=4k,kp<=8k,-0.0385,1
16,n<=32,sr<=40%,kvB<=4k,kp=0,0.0393,1
16,n<=32,sr<=40%,kvB<=8k,kp<=2k,-1.3852,1
16,n<=32,sr<=40%,kvB<=8k,kp<=512,-1.3075,1
16,n<=32,sr<=40%,kvB<=8k,kp<=8k,-1.8843,1
16,n<=32,sr<=40%,kvB<=8k,kp=0,-1.3396,1
16,n<=32,sr<=5%,kvB<=1k,kp<=2k,0.0467,1
16,n<=32,sr<=5%,kvB<=1k,kp<=512,0.0163,1
16,n<=32,sr<=5%,kvB<=1k,kp<=8k,0.0332,1
16,n<=32,sr<=5%,kvB<=1k,kp=0,0.0705,1
16,n<=32,sr<=5%,kvB<=4k,kp<=2k,0.0334,1
16,n<=32,sr<=5%,kvB<=4k,kp<=512,0.0827,1
16,n<=32,sr<=5%,kvB<=4k,kp<=8k,0.0344,1
16,n<=32,sr<=5%,kvB<=4k,kp=0,0.0774,1
16,n<=32,sr<=5%,kvB<=8k,kp<=2k,0.0638,1
16,n<=32,sr<=5%,kvB<=8k,kp<=512,0.0544,1
16,n<=32,sr<=5%,kvB<=8k,kp<=8k,-0.0655,1
16,n<=32,sr<=5%,kvB<=8k,kp=0,0.0508,1
16,n<=32,sr<=70%,kvB<=1k,kp<=2k,0.2007,1
16,n<=32,sr<=70%,kvB<=1k,kp<=512,0.1936,1
16,n<=32,sr<=70%,kvB<=1k,kp<=8k,0.1754,1
16,n<=32,sr<=70%,kvB<=1k,kp=0,0.2226,1
16,n<=32,sr<=70%,kvB<=4k,kp<=2k,0.051,1
16,n<=32,sr<=70%,kvB<=4k,kp<=512,0.0528,1
16,n<=32,sr<=70%,kvB<=4k,kp<=8k,0.0703,1
16,n<=32,sr<=70%,kvB<=4k,kp=0,0.0472,1
16,n<=32,sr>70%,kvB<=1k,kp<=2k,0.3558,2
16,n<=32,sr>70%,kvB<=1k,kp<=512,0.4638,2
16,n<=32,sr>70%,kvB<=1k,kp<=8k,0.506,2
16,n<=32,sr>70%,kvB<=1k,kp=0,0.4242,2
16,n<=32,sr>70%,kvB<=4k,kp<=2k,0.2888,2
16,n<=32,sr>70%,kvB<=4k,kp<=512,0.204,2
16,n<=32,sr>70%,kvB<=4k,kp<=8k,0.2633,2
16,n<=32,sr>70%,kvB<=4k,kp=0,0.1516,2
16,n<=32,sr>70%,kvB<=8k,kp<=512,-55.064,2
16,n<=32,sr>70%,kvB<=8k,kp=0,-74.1693,1
16,n<=8,sr<=15%,kvB<=1k,kp<=2k,0.0596,1
16,n<=8,sr<=15%,kvB<=1k,kp<=512,0.0346,1
16,n<=8,sr<=15%,kvB<=1k,kp<=8k,0.0535,1
16,n<=8,sr<=15%,kvB<=1k,kp=0,0.3676,4
16,n<=8,sr<=15%,kvB<=4k,kp<=2k,0.053,1
16,n<=8,sr<=15%,kvB<=4k,kp<=512,0.2629,1
16,n<=8,sr<=15%,kvB<=4k,kp<=8k,0.0598,1
16,n<=8,sr<=15%,kvB<=4k,kp=0,0.3398,2
16,n<=8,sr<=15%,kvB<=8k,kp<=2k,0.0164,1
16,n<=8,sr<=15%,kvB<=8k,kp<=512,0.173,1
16,n<=8,sr<=15%,kvB<=8k,kp<=8k,-0.6152,1
16,n<=8,sr<=15%,kvB<=8k,kp=0,0.0416,1
16,n<=8,sr<=40%,kvB<=1k,kp<=2k,0.1478,2
16,n<=8,sr<=40%,kvB<=1k,kp<=512,0.0121,2
16,n<=8,sr<=40%,kvB<=1k,kp<=8k,0.1281,2
16,n<=8,sr<=40%,kvB<=1k,kp=0,0.3596,2
16,n<=8,sr<=40%,kvB<=4k,kp<=2k,-0.0767,2
16,n<=8,sr<=40%,kvB<=4k,kp<=512,0.2797,2
16,n<=8,sr<=40%,kvB<=4k,kp<=8k,-0.0516,2
16,n<=8,sr<=40%,kvB<=4k,kp=0,0.3538,2
16,n<=8,sr<=40%,kvB<=8k,kp<=2k,-1.0753,1
16,n<=8,sr<=40%,kvB<=8k,kp<=512,-0.3286,1
16,n<=8,sr<=40%,kvB<=8k,kp<=8k,-3.0503,1
16,n<=8,sr<=40%,kvB<=8k,kp=0,-0.0995,1
16,n<=8,sr<=70%,kvB<=1k,kp<=2k,0.0527,1
16,n<=8,sr<=70%,kvB<=1k,kp<=512,0.035,1
16,n<=8,sr<=70%,kvB<=1k,kp<=8k,0.0524,1
16,n<=8,sr<=70%,kvB<=1k,kp=0,0.4851,3
16,n<=8,sr<=70%,kvB<=4k,kp<=2k,-0.3172,1
16,n<=8,sr<=70%,kvB<=4k,kp<=512,0.2453,1
16,n<=8,sr<=70%,kvB<=4k,kp<=8k,-0.0605,1
16,n<=8,sr<=70%,kvB<=4k,kp=0,0.2663,1
16,n<=8,sr<=70%,kvB<=8k,kp=0,-530.3266,1
16,n<=8,sr>70%,kvB<=1k,kp<=2k,0.3909,2
16,n<=8,sr>70%,kvB<=1k,kp<=512,-0.4695,2
16,n<=8,sr>70%,kvB<=1k,kp<=8k,0.3939,2
16,n<=8,sr>70%,kvB<=1k,kp=0,0.5887,2
16,n<=8,sr>70%,kvB<=4k,kp<=2k,-0.9685,2
16,n<=8,sr>70%,kvB<=4k,kp<=512,0.3282,2
16,n<=8,sr>70%,kvB<=4k,kp<=8k,-0.3139,2
16,n<=8,sr>70%,kvB<=4k,kp=0,0.8292,2
16,n<=8,sr>70%,kvB<=8k,kp<=2k,-56.2482,2
16,n<=8,sr>70%,kvB<=8k,kp<=8k,-198.8002,1
16,n<=8,sr>70%,kvB<=8k,kp=0,-0.9697,1
64,n<=128,sr<=15%,kvB<=1k,kp<=2k,0.0876,2
64,n<=128,sr<=15%,kvB<=1k,kp<=512,0.0775,2
64,n<=128,sr<=15%,kvB<=1k,kp<=8k,0.0822,2
64,n<=128,sr<=15%,kvB<=1k,kp=0,0.0758,2
64,n<=128,sr<=15%,kvB<=4k,kp<=2k,0.0428,2
64,n<=128,sr<=15%,kvB<=4k,kp<=512,0.044,2
64,n<=128,sr<=15%,kvB<=4k,kp<=8k,0.0452,2
64,n<=128,sr<=15%,kvB<=4k,kp=0,0.0431,2
64,n<=128,sr<=15%,kvB<=8k,kp<=2k,-0.1819,2
64,n<=128,sr<=15%,kvB<=8k,kp<=512,-0.189,2
64,n<=128,sr<=15%,kvB<=8k,kp<=8k,-0.2492,2
64,n<=128,sr<=15%,kvB<=8k,kp=0,-0.193,2
64,n<=128,sr<=40%,kvB<=1k,kp<=2k,0.2306,1
64,n<=128,sr<=40%,kvB<=1k,kp<=512,0.2152,1
64,n<=128,sr<=40%,kvB<=1k,kp<=8k,0.2296,1
64,n<=128,sr<=40%,kvB<=1k,kp=0,0.2138,1
64,n<=128,sr<=40%,kvB<=4k,kp<=2k,-0.0042,1
64,n<=128,sr<=40%,kvB<=4k,kp<=512,-0.0048,1
64,n<=128,sr<=40%,kvB<=4k,kp<=8k,0.0028,1
64,n<=128,sr<=40%,kvB<=4k,kp=0,-0.0082,1
64,n<=128,sr<=40%,kvB<=8k,kp<=2k,-1.4002,1
64,n<=128,sr<=40%,kvB<=8k,kp<=512,-1.4301,1
64,n<=128,sr<=40%,kvB<=8k,kp<=8k,-1.9846,1
64,n<=128,sr<=40%,kvB<=8k,kp=0,-1.4329,1
64,n<=128,sr<=5%,kvB<=1k,kp<=2k,0.0193,4
64,n<=128,sr<=5%,kvB<=1k,kp<=512,0.0047,4
64,n<=128,sr<=5%,kvB<=1k,kp<=8k,0.0113,4
64,n<=128,sr<=5%,kvB<=1k,kp=0,0.008,4
64,n<=128,sr<=5%,kvB<=4k,kp<=2k,0.0148,4
64,n<=128,sr<=5%,kvB<=4k,kp<=512,0.017,4
64,n<=128,sr<=5%,kvB<=4k,kp<=8k,0.0176,4
64,n<=128,sr<=5%,kvB<=4k,kp=0,0.0172,4
64,n<=128,sr<=5%,kvB<=8k,kp<=2k,0.0201,4
64,n<=128,sr<=5%,kvB<=8k,kp<=512,0.0175,4
64,n<=128,sr<=5%,kvB<=8k,kp<=8k,-0.0141,4
64,n<=128,sr<=5%,kvB<=8k,kp=0,0.0132,4
64,n<=128,sr<=70%,kvB<=1k,kp<=2k,0.2318,1
64,n<=128,sr<=70%,kvB<=1k,kp<=512,0.2106,1
64,n<=128,sr<=70%,kvB<=1k,kp<=8k,0.2269,1
64,n<=128,sr<=70%,kvB<=1k,kp=0,0.2121,1
64,n<=128,sr<=70%,kvB<=4k,kp<=2k,-0.0081,1
64,n<=128,sr<=70%,kvB<=4k,kp<=512,-0.0133,1
64,n<=128,sr<=70%,kvB<=4k,kp<=8k,0.0061,1
64,n<=128,sr<=70%,kvB<=4k,kp=0,-0.018,1
64,n<=128,sr<=70%,kvB<=8k,kp<=8k,-452.598,1
64,n<=128,sr>70%,kvB<=1k,kp<=2k,0.4207,2
64,n<=128,sr>70%,kvB<=1k,kp<=512,0.4027,2
64,n<=128,sr>70%,kvB<=1k,kp<=8k,0.4564,2
64,n<=128,sr>70%,kvB<=1k,kp=0,0.3989,2
64,n<=128,sr>70%,kvB<=4k,kp<=2k,0.0763,2
64,n<=128,sr>70%,kvB<=4k,kp<=512,0.0677,2
64,n<=128,sr>70%,kvB<=4k,kp<=8k,0.0729,2
64,n<=128,sr>70%,kvB<=4k,kp=0,0.0557,2
64,n<=128,sr>70%,kvB<=8k,kp<=512,-139.7267,1
64,n<=128,sr>70%,kvB<=8k,kp=0,-715.8721,1
64,n<=2,sr<=70%,kvB<=1k,kp<=2k,-0.6337,1
64,n<=2,sr<=70%,kvB<=1k,kp<=512,-0.6542,1
64,n<=2,sr<=70%,kvB<=1k,kp<=8k,-0.6871,1
64,n<=2,sr<=70%,kvB<=1k,kp=0,0.97,1
64,n<=2,sr<=70%,kvB<=4k,kp<=2k,-0.97,1
64,n<=2,sr<=70%,kvB<=4k,kp<=512,0.9491,1
64,n<=2,sr<=70%,kvB<=4k,kp<=8k,-0.913,1
64,n<=2,sr<=70%,kvB<=4k,kp=0,0.9755,1
64,n<=2,sr<=70%,kvB<=8k,kp<=512,-1.8032,1
64,n<=2,sr<=70%,kvB<=8k,kp<=8k,-850.8697,1
64,n<=2,sr<=70%,kvB<=8k,kp=0,0.0145,1
64,n<=32,sr<=15%,kvB<=1k,kp<=2k,0.0928,3
64,n<=32,sr<=15%,kvB<=1k,kp<=512,0.0766,3
64,n<=32,sr<=15%,kvB<=1k,kp<=8k,0.092,3
64,n<=32,sr<=15%,kvB<=1k,kp=0,0.1224,3
64,n<=32,sr<=15%,kvB<=4k,kp<=2k,0.044,3
64,n<=32,sr<=15%,kvB<=4k,kp<=512,0.0948,3
64,n<=32,sr<=15%,kvB<=4k,kp<=8k,0.0275,3
64,n<=32,sr<=15%,kvB<=4k,kp=0,0.0839,3
64,n<=32,sr<=15%,kvB<=8k,kp<=2k,-0.0955,3
64,n<=32,sr<=15%,kvB<=8k,kp<=512,-0.1226,3
64,n<=32,sr<=15%,kvB<=8k,kp<=8k,-0.2397,3
64,n<=32,sr<=15%,kvB<=8k,kp=0,-0.1344,3
64,n<=32,sr<=40%,kvB<=1k,kp<=2k,0.2484,1
64,n<=32,sr<=40%,kvB<=1k,kp<=512,0.2156,1
64,n<=32,sr<=40%,kvB<=1k,kp<=8k,0.2364,1
64,n<=32,sr<=40%,kvB<=1k,kp=0,0.2466,1
64,n<=32,sr<=40%,kvB<=4k,kp<=2k,-0.0087,1
64,n<=32,sr<=40%,kvB<=4k,kp<=512,0.0612,1
64,n<=32,sr<=40%,kvB<=4k,kp<=8k,-0.0368,1
64,n<=32,sr<=40%,kvB<=4k,kp=0,0.0398,1
64,n<=32,sr<=40%,kvB<=8k,kp<=2k,-1.3514,1
64,n<=32,sr<=40%,kvB<=8k,kp<=512,-1.3376,1
64,n<=32,sr<=40%,kvB<=8k,kp<=8k,-1.8869,1
64,n<=32,sr<=40%,kvB<=8k,kp=0,-1.329,1
64,n<=32,sr<=5%,kvB<=1k,kp<=2k,0.0493,1
64,n<=32,sr<=5%,kvB<=1k,kp<=512,0.016,1
64,n<=32,sr<=5%,kvB<=1k,kp<=8k,0.0288,1
64,n<=32,sr<=5%,kvB<=1k,kp=0,0.0692,1
64,n<=32,sr<=5%,kvB<=4k,kp<=2k,0.0325,1
64,n<=32,sr<=5%,kvB<=4k,kp<=512,0.0828,1
64,n<=32,sr<=5%,kvB<=4k,kp<=8k,0.0348,1
64,n<=32,sr<=5%,kvB<=4k,kp=0,0.0772,1
64,n<=32,sr<=5%,kvB<=8k,kp<=2k,0.0595,1
64,n<=32,sr<=5%,kvB<=8k,kp<=512,0.0529,1
64,n<=32,sr<=5%,kvB<=8k,kp<=8k,-0.0687,1
64,n<=32,sr<=5%,kvB<=8k,kp=0,0.0544,1
64,n<=32,sr<=70%,kvB<=1k,kp<=2k,0.2015,1
64,n<=32,sr<=70%,kvB<=1k,kp<=512,0.1985,1
64,n<=32,sr<=70%,kvB<=1k,kp<=8k,0.1751,1
64,n<=32,sr<=70%,kvB<=1k,kp=0,0.2203,1
64,n<=32,sr<=70%,kvB<=4k,kp<=2k,0.0528,1
64,n<=32,sr<=70%,kvB<=4k,kp<=512,0.0491,1
64,n<=32,sr<=70%,kvB<=4k,kp<=8k,0.0809,1
64,n<=32,sr<=70%,kvB<=4k,kp=0,0.053,1
64,n<=32,sr>70%,kvB<=1k,kp<=2k,0.352,2
64,n<=32,sr>70%,kvB<=1k,kp<=512,0.4611,2
64,n<=32,sr>70%,kvB<=1k,kp<=8k,0.5255,2
64,n<=32,sr>70%,kvB<=1k,kp=0,0.4321,2
64,n<=32,sr>70%,kvB<=4k,kp<=2k,0.2895,2
64,n<=32,sr>70%,kvB<=4k,kp<=512,0.202,2
64,n<=32,sr>70%,kvB<=4k,kp<=8k,0.2654,2
64,n<=32,sr>70%,kvB<=4k,kp=0,0.16,2
64,n<=32,sr>70%,kvB<=8k,kp<=512,-229.2636,1
64,n<=32,sr>70%,kvB<=8k,kp=0,-12381.4219,1
64,n<=8,sr<=15%,kvB<=1k,kp<=2k,0.0476,1
64,n<=8,sr<=15%,kvB<=1k,kp<=512,0.0146,1
64,n<=8,sr<=15%,kvB<=1k,kp<=8k,0.0485,1
64,n<=8,sr<=15%,kvB<=1k,kp=0,0.393,1
64,n<=8,sr<=15%,kvB<=4k,kp<=2k,0.0483,1
64,n<=8,sr<=15%,kvB<=4k,kp<=512,0.2598,1
64,n<=8,sr<=15%,kvB<=4k,kp<=8k,0.0522,1
64,n<=8,sr<=15%,kvB<=4k,kp=0,0.3712,1
64,n<=8,sr<=15%,kvB<=8k,kp<=2k,0.0149,1
64,n<=8,sr<=15%,kvB<=8k,kp<=512,0.1798,1
64,n<=8,sr<=15%,kvB<=8k,kp<=8k,-0.6118,1
64,n<=8,sr<=15%,kvB<=8k,kp=0,0.0425,1
64,n<=8,sr<=40%,kvB<=1k,kp<=2k,0.1439,2
64,n<=8,sr<=40%,kvB<=1k,kp<=512,-0.0015,2
64,n<=8,sr<=40%,kvB<=1k,kp<=8k,0.1174,2
64,n<=8,sr<=40%,kvB<=1k,kp=0,0.3494,2
64,n<=8,sr<=40%,kvB<=4k,kp<=2k,-0.08,2
64,n<=8,sr<=40%,kvB<=4k,kp<=512,0.2786,2
64,n<=8,sr<=40%,kvB<=4k,kp<=8k,-0.0565,2
64,n<=8,sr<=40%,kvB<=4k,kp=0,0.3527,2
64,n<=8,sr<=40%,kvB<=8k,kp<=2k,-1.1038,1
64,n<=8,sr<=40%,kvB<=8k,kp<=512,-0.3668,2
64,n<=8,sr<=40%,kvB<=8k,kp<=8k,-3.0108,1
64,n<=8,sr<=40%,kvB<=8k,kp=0,-0.0884,1
64,n<=8,sr<=70%,kvB<=1k,kp<=2k,0.0566,1
64,n<=8,sr<=70%,kvB<=1k,kp<=512,0.0051,1
64,n<=8,sr<=70%,kvB<=1k,kp<=8k,0.0435,1
64,n<=8,sr<=70%,kvB<=1k,kp=0,0.4743,1
64,n<=8,sr<=70%,kvB<=4k,kp<=2k,-0.3347,1
64,n<=8,sr<=70%,kvB<=4k,kp<=512,0.2404,1
64,n<=8,sr<=70%,kvB<=4k,kp<=8k,-0.0526,1
64,n<=8,sr<=70%,kvB<=4k,kp=0,0.2521,1
64,n<=8,sr<=70%,kvB<=8k,kp<=512,-823.7649,1
64,n<=8,sr<=70%,kvB<=8k,kp<=8k,-295.5293,1
64,n<=8,sr<=70%,kvB<=8k,kp=0,-48.0012,1
64,n<=8,sr>70%,kvB<=1k,kp<=2k,0.4052,2
64,n<=8,sr>70%,kvB<=1k,kp<=512,-0.4983,2
64,n<=8,sr>70%,kvB<=1k,kp<=8k,0.365,2
64,n<=8,sr>70%,kvB<=1k,kp=0,0.5621,2
64,n<=8,sr>70%,kvB<=4k,kp<=2k,-0.9854,2
64,n<=8,sr>70%,kvB<=4k,kp<=512,0.3049,2
64,n<=8,sr>70%,kvB<=4k,kp<=8k,-0.3183,2
64,n<=8,sr>70%,kvB<=4k,kp=0,0.8161,2
64,n<=8,sr>70%,kvB<=8k,kp<=512,-29.2248,2
64,n<=8,sr>70%,kvB<=8k,kp<=8k,-310.7084,1
64,n<=8,sr>70%,kvB<=8k,kp=0,-6.5449,1
256,n<=128,sr<=15%,kvB<=1k,kp<=2k,0.0783,2
256,n<=128,sr<=15%,kvB<=1k,kp<=512,0.0786,2
256,n<=128,sr<=15%,kvB<=1k,kp<=8k,0.0802,2
256,n<=128,sr<=15%,kvB<=1k,kp=0,0.0781,2
256,n<=128,sr<=15%,kvB<=4k,kp<=2k,0.0455,2
256,n<=128,sr<=15%,kvB<=4k,kp<=512,0.0469,2
256,n<=128,sr<=15%,kvB<=4k,kp<=8k,0.046,2
256,n<=128,sr<=15%,kvB<=4k,kp=0,0.0452,2
256,n<=128,sr<=15%,kvB<=8k,kp<=2k,-0.1678,2
256,n<=128,sr<=15%,kvB<=8k,kp<=512,-0.177,2
256,n<=128,sr<=15%,kvB<=8k,kp<=8k,-0.2274,2
256,n<=128,sr<=15%,kvB<=8k,kp=0,-0.1912,2
256,n<=128,sr<=40%,kvB<=1k,kp<=2k,0.2292,1
256,n<=128,sr<=40%,kvB<=1k,kp<=512,0.2228,1
256,n<=128,sr<=40%,kvB<=1k,kp<=8k,0.2326,1
256,n<=128,sr<=40%,kvB<=1k,kp=0,0.2235,1
256,n<=128,sr<=40%,kvB<=4k,kp<=2k,0.0033,1
256,n<=128,sr<=40%,kvB<=4k,kp<=512,-0.0001,1
256,n<=128,sr<=40%,kvB<=4k,kp<=8k,0.0067,1
256,n<=128,sr<=40%,kvB<=4k,kp=0,-0.0021,1
256,n<=128,sr<=40%,kvB<=8k,kp<=2k,-1.3803,1
256,n<=128,sr<=40%,kvB<=8k,kp<=512,-1.3844,1
256,n<=128,sr<=40%,kvB<=8k,kp<=8k,-1.9141,1
256,n<=128,sr<=40%,kvB<=8k,kp=0,-1.405,1
256,n<=128,sr<=5%,kvB<=1k,kp<=2k,0.0101,4
256,n<=128,sr<=5%,kvB<=1k,kp<=512,0.0104,4
256,n<=128,sr<=5%,kvB<=1k,kp<=8k,0.0098,4
256,n<=128,sr<=5%,kvB<=1k,kp=0,0.0096,4
256,n<=128,sr<=5%,kvB<=4k,kp<=2k,0.015,4
256,n<=128,sr<=5%,kvB<=4k,kp<=512,0.0177,4
256,n<=128,sr<=5%,kvB<=4k,kp<=8k,0.0151,4
256,n<=128,sr<=5%,kvB<=4k,kp=0,0.0183,4
256,n<=128,sr<=5%,kvB<=8k,kp<=2k,0.0162,4
256,n<=128,sr<=5%,kvB<=8k,kp<=512,0.0194,4
256,n<=128,sr<=5%,kvB<=8k,kp<=8k,-0.0105,4
256,n<=128,sr<=5%,kvB<=8k,kp=0,0.0169,4
256,n<=128,sr<=70%,kvB<=1k,kp<=2k,0.2291,1
256,n<=128,sr<=70%,kvB<=1k,kp<=512,0.2216,1
256,n<=128,sr<=70%,kvB<=1k,kp<=8k,0.2292,1
256,n<=128,sr<=70%,kvB<=1k,kp=0,0.2224,1
256,n<=128,sr<=70%,kvB<=4k,kp<=2k,0.0067,1
256,n<=128,sr<=70%,kvB<=4k,kp<=512,-0.0029,1
256,n<=128,sr<=70%,kvB<=4k,kp<=8k,0.0126,1
256,n<=128,sr<=70%,kvB<=4k,kp=0,-0.006,1
256,n<=128,sr<=70%,kvB<=8k,kp<=2k,-1423.617,1
256,n<=128,sr<=70%,kvB<=8k,kp<=512,-1849.3443,1
256,n<=128,sr>70%,kvB<=1k,kp<=2k,0.4506,2
256,n<=128,sr>70%,kvB<=1k,kp<=512,0.4376,2
256,n<=128,sr>70%,kvB<=1k,kp<=8k,0.4418,2
256,n<=128,sr>70%,kvB<=1k,kp=0,0.427,2
256,n<=128,sr>70%,kvB<=4k,kp<=2k,0.1145,2
256,n<=128,sr>70%,kvB<=4k,kp<=512,0.0799,2
256,n<=128,sr>70%,kvB<=4k,kp<=8k,0.1504,2
256,n<=128,sr>70%,kvB<=4k,kp=0,0.0683,2
256,n<=128,sr>70%,kvB<=8k,kp<=8k,-192.7821,1
256,n<=128,sr>70%,kvB<=8k,kp=0,-101.907,1
256,n<=2,sr<=70%,kvB<=1k,kp<=2k,-2.1259,1
256,n<=2,sr<=70%,kvB<=1k,kp<=512,0.1437,1
256,n<=2,sr<=70%,kvB<=1k,kp<=8k,0.5,1
256,n<=2,sr<=70%,kvB<=1k,kp=0,0.6869,1
256,n<=2,sr<=70%,kvB<=4k,kp<=2k,-0.0103,1
256,n<=2,sr<=70%,kvB<=4k,kp<=512,0.776,1
256,n<=2,sr<=70%,kvB<=4k,kp<=8k,-0.1335,1
256,n<=2,sr<=70%,kvB<=4k,kp=0,0.9878,1
256,n<=32,sr<=15%,kvB<=1k,kp<=2k,0.0723,3
256,n<=32,sr<=15%,kvB<=1k,kp<=512,0.0764,3
256,n<=32,sr<=15%,kvB<=1k,kp<=8k,0.0811,3
256,n<=32,sr<=15%,kvB<=1k,kp=0,0.1217,3
256,n<=32,sr<=15%,kvB<=4k,kp<=2k,0.0354,3
256,n<=32,sr<=15%,kvB<=4k,kp<=512,0.0951,3
256,n<=32,sr<=15%,kvB<=4k,kp<=8k,0.0362,3
256,n<=32,sr<=15%,kvB<=4k,kp=0,0.0929,3
256,n<=32,sr<=15%,kvB<=8k,kp<=2k,-0.1131,3
256,n<=32,sr<=15%,kvB<=8k,kp<=512,-0.0798,3
256,n<=32,sr<=15%,kvB<=8k,kp<=8k,-0.2566,3
256,n<=32,sr<=15%,kvB<=8k,kp=0,-0.1322,3
256,n<=32,sr<=40%,kvB<=1k,kp<=2k,0.2447,1
256,n<=32,sr<=40%,kvB<=1k,kp<=512,0.218,1
256,n<=32,sr<=40%,kvB<=1k,kp<=8k,0.2499,1
256,n<=32,sr<=40%,kvB<=1k,kp=0,0.2575,1
256,n<=32,sr<=40%,kvB<=4k,kp<=2k,0.0152,1
256,n<=32,sr<=40%,kvB<=4k,kp<=512,0.0561,1
256,n<=32,sr<=40%,kvB<=4k,kp<=8k,0.0283,1
256,n<=32,sr<=40%,kvB<=4k,kp=0,0.0603,1
256,n<=32,sr<=40%,kvB<=8k,kp<=2k,-1.259,1
256,n<=32,sr<=40%,kvB<=8k,kp<=512,-1.206,1
256,n<=32,sr<=40%,kvB<=8k,kp<=8k,-2.2575,1
256,n<=32,sr<=40%,kvB<=8k,kp=0,-1.3089,1
256,n<=32,sr<=5%,kvB<=1k,kp<=2k,0.0211,1
256,n<=32,sr<=5%,kvB<=1k,kp<=512,0.0205,1
256,n<=32,sr<=5%,kvB<=1k,kp<=8k,0.0173,1
256,n<=32,sr<=5%,kvB<=1k,kp=0,0.0669,1
256,n<=32,sr<=5%,kvB<=4k,kp<=2k,0.027,1
256,n<=32,sr<=5%,kvB<=4k,kp<=512,0.0859,1
256,n<=32,sr<=5%,kvB<=4k,kp<=8k,0.0116,1
256,n<=32,sr<=5%,kvB<=4k,kp=0,0.0891,1
256,n<=32,sr<=5%,kvB<=8k,kp<=2k,0.0643,1
256,n<=32,sr<=5%,kvB<=8k,kp<=512,0.0472,1
256,n<=32,sr<=5%,kvB<=8k,kp<=8k,-0.0738,1
256,n<=32,sr<=5%,kvB<=8k,kp=0,0.05,1
256,n<=32,sr<=70%,kvB<=1k,kp<=2k,0.2426,1
256,n<=32,sr<=70%,kvB<=1k,kp<=512,0.2177,1
256,n<=32,sr<=70%,kvB<=1k,kp<=8k,0.1712,1
256,n<=32,sr<=70%,kvB<=1k,kp=0,0.2579,1
256,n<=32,sr<=70%,kvB<=4k,kp<=2k,0.0118,1
256,n<=32,sr<=70%,kvB<=4k,kp<=512,0.0806,1
256,n<=32,sr<=70%,kvB<=4k,kp<=8k,0.0165,1
256,n<=32,sr<=70%,kvB<=4k,kp=0,0.0596,1
256,n<=32,sr<=70%,kvB<=8k,kp<=2k,-68.3347,1
256,n<=32,sr>70%,kvB<=1k,kp<=2k,0.4977,2
256,n<=32,sr>70%,kvB<=1k,kp<=512,0.4653,2
256,n<=32,sr>70%,kvB<=1k,kp<=8k,0.3778,2
256,n<=32,sr>70%,kvB<=1k,kp=0,0.5166,2
256,n<=32,sr>70%,kvB<=4k,kp<=2k,0.1916,2
256,n<=32,sr>70%,kvB<=4k,kp<=512,0.263,2
256,n<=32,sr>70%,kvB<=4k,kp<=8k,0.1738,2
256,n<=32,sr>70%,kvB<=4k,kp=0,0.1649,2
256,n<=32,sr>70%,kvB<=8k,kp<=2k,-4.601,2
256,n<=8,sr<=15%,kvB<=1k,kp<=2k,0.1281,1
256,n<=8,sr<=15%,kvB<=1k,kp<=512,0.0735,1
256,n<=8,sr<=15%,kvB<=1k,kp<=8k,0.2395,1
256,n<=8,sr<=15%,kvB<=1k,kp=0,0.3155,1
256,n<=8,sr<=15%,kvB<=4k,kp<=2k,-0.0204,1
256,n<=8,sr<=15%,kvB<=4k,kp<=512,0.2284,1
256,n<=8,sr<=15%,kvB<=4k,kp<=8k,-0.0515,1
256,n<=8,sr<=15%,kvB<=4k,kp=0,0.2929,1
256,n<=8,sr<=15%,kvB<=8k,kp<=2k,0.0177,1
256,n<=8,sr<=15%,kvB<=8k,kp<=512,0.1298,1
256,n<=8,sr<=15%,kvB<=8k,kp<=8k,-0.2065,1
256,n<=8,sr<=15%,kvB<=8k,kp=0,0.1275,1
256,n<=8,sr<=40%,kvB<=1k,kp<=2k,0.1316,2
256,n<=8,sr<=40%,kvB<=1k,kp<=512,0.1104,2
256,n<=8,sr<=40%,kvB<=1k,kp<=8k,0.248,2
256,n<=8,sr<=40%,kvB<=1k,kp=0,0.3307,2
256,n<=8,sr<=40%,kvB<=4k,kp<=2k,-0.0693,2
256,n<=8,sr<=40%,kvB<=4k,kp<=512,0.2292,2
256,n<=8,sr<=40%,kvB<=4k,kp<=8k,-0.0618,2
256,n<=8,sr<=40%,kvB<=4k,kp=0,0.2899,2
256,n<=8,sr<=40%,kvB<=8k,kp<=2k,-1.0289,1
256,n<=8,sr<=40%,kvB<=8k,kp<=512,-0.5536,1
256,n<=8,sr<=40%,kvB<=8k,kp<=8k,-2.2627,1
256,n<=8,sr<=40%,kvB<=8k,kp=0,-0.2837,2
256,n<=8,sr<=70%,kvB<=1k,kp<=2k,0.0661,1
256,n<=8,sr<=70%,kvB<=1k,kp<=512,0.128,1
256,n<=8,sr<=70%,kvB<=1k,kp<=8k,0.2457,1
256,n<=8,sr<=70%,kvB<=1k,kp=0,0.3906,1
256,n<=8,sr<=70%,kvB<=4k,kp<=2k,-0.0216,1
256,n<=8,sr<=70%,kvB<=4k,kp<=512,0.2362,1
256,n<=8,sr<=70%,kvB<=4k,kp<=8k,-0.0978,1
256,n<=8,sr<=70%,kvB<=4k,kp=0,0.2871,1
256,n<=8,sr<=70%,kvB<=8k,kp<=2k,-44.992,1
256,n<=8,sr<=70%,kvB<=8k,kp<=8k,-257.0451,1
256,n<=8,sr<=70%,kvB<=8k,kp=0,-112.3289,1
256,n<=8,sr>70%,kvB<=1k,kp<=2k,0.0113,2
256,n<=8,sr>70%,kvB<=1k,kp<=512,0.1198,2
256,n<=8,sr>70%,kvB<=1k,kp<=8k,0.6962,2
256,n<=8,sr>70%,kvB<=1k,kp=0,0.4905,2
256,n<=8,sr>70%,kvB<=4k,kp<=2k,-0.3155,2
256,n<=8,sr>70%,kvB<=4k,kp<=512,0.1226,2
256,n<=8,sr>70%,kvB<=4k,kp<=8k,-0.6207,2
256,n<=8,sr>70%,kvB<=4k,kp=0,0.5525,2
256,n<=8,sr>70%,kvB<=8k,kp<=512,-6.7347,1
256,n<=8,sr>70%,kvB<=8k,kp<=8k,-231.9022,1
256,n<=8,sr>70%,kvB<=8k,kp=0,-24.0044,2
1024,n<=128,sr<=15%,kvB<=1k,kp<=2k,0.0798,2
1024,n<=128,sr<=15%,kvB<=1k,kp<=512,0.0765,2
1024,n<=128,sr<=15%,kvB<=1k,kp<=8k,0.0828,2
1024,n<=128,sr<=15%,kvB<=1k,kp=0,0.0783,2
1024,n<=128,sr<=15%,kvB<=4k,kp<=2k,0.0448,2
1024,n<=128,sr<=15%,kvB<=4k,kp<=512,0.0464,2
1024,n<=128,sr<=15%,kvB<=4k,kp<=8k,0.0462,2
1024,n<=128,sr<=15%,kvB<=4k,kp=0,0.0467,2
1024,n<=128,sr<=15%,kvB<=8k,kp<=2k,-0.1608,2
1024,n<=128,sr<=15%,kvB<=8k,kp<=512,-0.1485,2
1024,n<=128,sr<=15%,kvB<=8k,kp<=8k,-0.2543,2
1024,n<=128,sr<=15%,kvB<=8k,kp=0,-0.1575,2
1024,n<=128,sr<=40%,kvB<=1k,kp<=2k,0.229,1
1024,n<=128,sr<=40%,kvB<=1k,kp<=512,0.2188,1
1024,n<=128,sr<=40%,kvB<=1k,kp<=8k,0.2352,1
1024,n<=128,sr<=40%,kvB<=1k,kp=0,0.2222,1
1024,n<=128,sr<=40%,kvB<=4k,kp<=2k,-0.0031,1
1024,n<=128,sr<=40%,kvB<=4k,kp<=512,-0.0012,1
1024,n<=128,sr<=40%,kvB<=4k,kp<=8k,0.0007,1
1024,n<=128,sr<=40%,kvB<=4k,kp=0,0.0006,1
1024,n<=128,sr<=40%,kvB<=8k,kp<=2k,-1.3503,1
1024,n<=128,sr<=40%,kvB<=8k,kp<=512,-1.3305,1
1024,n<=128,sr<=40%,kvB<=8k,kp<=8k,-2.0586,1
1024,n<=128,sr<=40%,kvB<=8k,kp=0,-1.3345,1
1024,n<=128,sr<=5%,kvB<=1k,kp<=2k,0.011,4
1024,n<=128,sr<=5%,kvB<=1k,kp<=512,0.0103,4
1024,n<=128,sr<=5%,kvB<=1k,kp<=8k,0.0113,4
1024,n<=128,sr<=5%,kvB<=1k,kp=0,0.0103,4
1024,n<=128,sr<=5%,kvB<=4k,kp<=2k,0.0149,4
1024,n<=128,sr<=5%,kvB<=4k,kp<=512,0.0156,4
1024,n<=128,sr<=5%,kvB<=4k,kp<=8k,0.0157,4
1024,n<=128,sr<=5%,kvB<=4k,kp=0,0.0156,4
1024,n<=128,sr<=5%,kvB<=8k,kp<=2k,0.0301,4
1024,n<=128,sr<=5%,kvB<=8k,kp<=512,0.0279,4
1024,n<=128,sr<=5%,kvB<=8k,kp<=8k,-0.0167,4
1024,n<=128,sr<=5%,kvB<=8k,kp=0,0.0222,4
1024,n<=128,sr<=70%,kvB<=1k,kp<=2k,0.2272,1
1024,n<=128,sr<=70%,kvB<=1k,kp<=512,0.2117,1
1024,n<=128,sr<=70%,kvB<=1k,kp<=8k,0.2288,1
1024,n<=128,sr<=70%,kvB<=1k,kp=0,0.2127,1
1024,n<=128,sr<=70%,kvB<=4k,kp<=2k,-0.0051,1
1024,n<=128,sr<=70%,kvB<=4k,kp<=512,0.0041,1
1024,n<=128,sr<=70%,kvB<=4k,kp<=8k,-0.0078,1
1024,n<=128,sr<=70%,kvB<=4k,kp=0,0.008,1
1024,n<=128,sr>70%,kvB<=1k,kp<=2k,0.4484,2
1024,n<=128,sr>70%,kvB<=1k,kp<=512,0.4129,2
1024,n<=128,sr>70%,kvB<=1k,kp<=8k,0.4446,2
1024,n<=128,sr>70%,kvB<=1k,kp=0,0.4045,2
1024,n<=128,sr>70%,kvB<=4k,kp<=2k,0.06,2
1024,n<=128,sr>70%,kvB<=4k,kp<=512,0.1209,2
1024,n<=128,sr>70%,kvB<=4k,kp<=8k,0.0713,2
1024,n<=128,sr>70%,kvB<=4k,kp=0,0.1248,2
1024,n<=128,sr>70%,kvB<=8k,kp<=2k,-283.8512,1
1024,n<=128,sr>70%,kvB<=8k,kp<=512,-38.6409,1
1024,n<=128,sr>70%,kvB<=8k,kp<=8k,-278.1631,1
1024,n<=128,sr>70%,kvB<=8k,kp=0,-157.3911,1
1024,n<=2,sr<=70%,kvB<=1k,kp<=2k,0.2668,1
1024,n<=2,sr<=70%,kvB<=1k,kp<=512,0.1696,1
1024,n<=2,sr<=70%,kvB<=1k,kp<=8k,-0.4561,1
1024,n<=2,sr<=70%,kvB<=1k,kp=0,0.2057,1
1024,n<=2,sr<=70%,kvB<=4k,kp<=2k,0.0089,1
1024,n<=2,sr<=70%,kvB<=4k,kp<=512,0.5215,1
1024,n<=2,sr<=70%,kvB<=4k,kp<=8k,-0.9654,1
1024,n<=2,sr<=70%,kvB<=4k,kp=0,0.5753,1
1024,n<=2,sr<=70%,kvB<=8k,kp<=512,-178.0729,1
1024,n<=32,sr<=15%,kvB<=1k,kp<=2k,0.0794,3
1024,n<=32,sr<=15%,kvB<=1k,kp<=512,0.0833,3
1024,n<=32,sr<=15%,kvB<=1k,kp<=8k,0.0769,3
1024,n<=32,sr<=15%,kvB<=1k,kp=0,0.078,3
1024,n<=32,sr<=15%,kvB<=4k,kp<=2k,0.0334,3
1024,n<=32,sr<=15%,kvB<=4k,kp<=512,0.0749,3
1024,n<=32,sr<=15%,kvB<=4k,kp<=8k,0.0371,3
1024,n<=32,sr<=15%,kvB<=4k,kp=0,0.0808,3
1024,n<=32,sr<=15%,kvB<=8k,kp<=2k,-0.0936,3
1024,n<=32,sr<=15%,kvB<=8k,kp<=512,-0.1174,3
1024,n<=32,sr<=15%,kvB<=8k,kp<=8k,-0.2612,3
1024,n<=32,sr<=15%,kvB<=8k,kp=0,-0.1097,3
1024,n<=32,sr<=40%,kvB<=1k,kp<=2k,0.2198,1
1024,n<=32,sr<=40%,kvB<=1k,kp<=512,0.2311,1
1024,n<=32,sr<=40%,kvB<=1k,kp<=8k,0.2387,1
1024,n<=32,sr<=40%,kvB<=1k,kp=0,0.2185,1
1024,n<=32,sr<=40%,kvB<=4k,kp<=2k,-0.0158,1
1024,n<=32,sr<=40%,kvB<=4k,kp<=512,0.0464,1
1024,n<=32,sr<=40%,kvB<=4k,kp<=8k,-0.0033,1
1024,n<=32,sr<=40%,kvB<=4k,kp=0,0.0504,1
1024,n<=32,sr<=40%,kvB<=8k,kp<=2k,-1.1693,1
1024,n<=32,sr<=40%,kvB<=8k,kp<=512,-1.2838,1
1024,n<=32,sr<=40%,kvB<=8k,kp<=8k,-1.9594,1
1024,n<=32,sr<=40%,kvB<=8k,kp=0,-1.2828,1
1024,n<=32,sr<=5%,kvB<=1k,kp<=2k,0.0203,1
1024,n<=32,sr<=5%,kvB<=1k,kp<=512,0.0238,1
1024,n<=32,sr<=5%,kvB<=1k,kp<=8k,0.0214,1
1024,n<=32,sr<=5%,kvB<=1k,kp=0,0.0243,1
1024,n<=32,sr<=5%,kvB<=4k,kp<=2k,0.0262,1
1024,n<=32,sr<=5%,kvB<=4k,kp<=512,0.0589,1
1024,n<=32,sr<=5%,kvB<=4k,kp<=8k,0.0239,1
1024,n<=32,sr<=5%,kvB<=4k,kp=0,0.0745,1
1024,n<=32,sr<=5%,kvB<=8k,kp<=2k,0.0531,1
1024,n<=32,sr<=5%,kvB<=8k,kp<=512,0.0414,1
1024,n<=32,sr<=5%,kvB<=8k,kp<=8k,-0.0409,1
1024,n<=32,sr<=5%,kvB<=8k,kp=0,0.0503,1
1024,n<=32,sr<=70%,kvB<=1k,kp<=2k,0.2213,1
1024,n<=32,sr<=70%,kvB<=1k,kp<=512,0.2457,1
1024,n<=32,sr<=70%,kvB<=1k,kp<=8k,0.2057,1
1024,n<=32,sr<=70%,kvB<=1k,kp=0,0.2186,1
1024,n<=32,sr<=70%,kvB<=4k,kp<=2k,0.0037,1
1024,n<=32,sr<=70%,kvB<=4k,kp<=512,0.0348,1
1024,n<=32,sr<=70%,kvB<=4k,kp<=8k,-0.0237,1
1024,n<=32,sr<=70%,kvB<=4k,kp=0,0.0357,1
1024,n<=32,sr<=70%,kvB<=8k,kp=0,-140.1705,1
1024,n<=32,sr>70%,kvB<=1k,kp<=2k,0.4439,2
1024,n<=32,sr>70%,kvB<=1k,kp<=512,0.46,2
1024,n<=32,sr>70%,kvB<=1k,kp<=8k,0.4753,2
1024,n<=32,sr>70%,kvB<=1k,kp=0,0.4418,2
1024,n<=32,sr>70%,kvB<=4k,kp<=2k,0.1312,2
1024,n<=32,sr>70%,kvB<=4k,kp<=512,0.1061,2
1024,n<=32,sr>70%,kvB<=4k,kp<=8k,0.1373,2
1024,n<=32,sr>70%,kvB<=4k,kp=0,0.0943,2
1024,n<=32,sr>70%,kvB<=8k,kp<=512,-48.2594,1
1024,n<=32,sr>70%,kvB<=8k,kp<=8k,-263.1846,1
1024,n<=32,sr>70%,kvB<=8k,kp=0,-70.583,1
1024,n<=8,sr<=15%,kvB<=1k,kp<=2k,0.093,1
1024,n<=8,sr<=15%,kvB<=1k,kp<=512,0.1295,1
1024,n<=8,sr<=15%,kvB<=1k,kp<=8k,0.0846,1
1024,n<=8,sr<=15%,kvB<=1k,kp=0,0.1143,1
1024,n<=8,sr<=15%,kvB<=4k,kp<=2k,0.0503,1
1024,n<=8,sr<=15%,kvB<=4k,kp<=512,0.1745,1
1024,n<=8,sr<=15%,kvB<=4k,kp<=8k,0.0276,1
1024,n<=8,sr<=15%,kvB<=4k,kp=0,0.253,1
1024,n<=8,sr<=15%,kvB<=8k,kp<=2k,0.0325,1
1024,n<=8,sr<=15%,kvB<=8k,kp<=512,0.0452,1
1024,n<=8,sr<=15%,kvB<=8k,kp<=8k,-0.4,1
1024,n<=8,sr<=15%,kvB<=8k,kp=0,0.0402,1
1024,n<=8,sr<=40%,kvB<=1k,kp<=2k,0.1472,2
1024,n<=8,sr<=40%,kvB<=1k,kp<=512,0.1894,2
1024,n<=8,sr<=40%,kvB<=1k,kp<=8k,0.0731,2
1024,n<=8,sr<=40%,kvB<=1k,kp=0,0.1638,2
1024,n<=8,sr<=40%,kvB<=4k,kp<=2k,0.0275,2
1024,n<=8,sr<=40%,kvB<=4k,kp<=512,0.1994,2
1024,n<=8,sr<=40%,kvB<=4k,kp<=8k,0.0036,2
1024,n<=8,sr<=40%,kvB<=4k,kp=0,0.2505,2
1024,n<=8,sr<=40%,kvB<=8k,kp<=2k,-0.5986,2
1024,n<=8,sr<=40%,kvB<=8k,kp<=512,-0.7126,2
1024,n<=8,sr<=40%,kvB<=8k,kp<=8k,-1.4503,1
1024,n<=8,sr<=40%,kvB<=8k,kp=0,-0.7224,2
1024,n<=8,sr<=70%,kvB<=1k,kp<=2k,0.1818,1
1024,n<=8,sr<=70%,kvB<=1k,kp<=512,0.2805,1
1024,n<=8,sr<=70%,kvB<=1k,kp<=8k,0.0128,1
1024,n<=8,sr<=70%,kvB<=1k,kp=0,0.2322,1
1024,n<=8,sr<=70%,kvB<=4k,kp<=2k,0.0032,1
1024,n<=8,sr<=70%,kvB<=4k,kp<=512,0.204,1
1024,n<=8,sr<=70%,kvB<=4k,kp<=8k,0.0833,1
1024,n<=8,sr<=70%,kvB<=4k,kp=0,0.2193,1
1024,n<=8,sr<=70%,kvB<=8k,kp<=512,-565.5099,1
1024,n<=8,sr<=70%,kvB<=8k,kp<=8k,-121.2306,1
1024,n<=8,sr<=70%,kvB<=8k,kp=0,-48.2715,1
1024,n<=8,sr>70%,kvB<=1k,kp<=2k,0.4269,2
1024,n<=8,sr>70%,kvB<=1k,kp<=512,0.436,2
1024,n<=8,sr>70%,kvB<=1k,kp<=8k,0.6203,2
1024,n<=8,sr>70%,kvB<=1k,kp=0,0.3749,2
1024,n<=8,sr>70%,kvB<=4k,kp<=2k,-0.0885,2
1024,n<=8,sr>70%,kvB<=4k,kp<=512,0.2672,2
1024,n<=8,sr>70%,kvB<=4k,kp<=8k,0.1474,2
1024,n<=8,sr>70%,kvB<=4k,kp=0,0.2652,2
1024,n<=8,sr>70%,kvB<=8k,kp<=2k,-114.5811,1
1024,n<=8,sr>70%,kvB<=8k,kp<=512,-51.5187,1
1024,n<=8,sr>70%,kvB<=8k,kp<=8k,-27.806,1
4096,n<=128,sr<=15%,kvB<=1k,kp<=2k,0.108,2
4096,n<=128,sr<=15%,kvB<=1k,kp<=512,0.108,2
4096,n<=128,sr<=15%,kvB<=1k,kp<=8k,0.1638,2
4096,n<=128,sr<=15%,kvB<=1k,kp=0,0.095,2
4096,n<=128,sr<=15%,kvB<=4k,kp<=2k,0.1341,2
4096,n<=128,sr<=15%,kvB<=4k,kp<=512,-0.035,2
4096,n<=128,sr<=15%,kvB<=4k,kp<=8k,0.1847,2
4096,n<=128,sr<=15%,kvB<=4k,kp=0,-0.0619,2
4096,n<=128,sr<=15%,kvB<=8k,kp<=2k,-0.2832,2
4096,n<=128,sr<=15%,kvB<=8k,kp<=512,-0.2359,2
4096,n<=128,sr<=15%,kvB<=8k,kp<=8k,0.0181,2
4096,n<=128,sr<=15%,kvB<=8k,kp=0,-0.1547,2
4096,n<=128,sr<=40%,kvB<=1k,kp<=2k,0.3231,1
4096,n<=128,sr<=40%,kvB<=1k,kp<=512,-0.2368,1
4096,n<=128,sr<=40%,kvB<=1k,kp<=8k,0.0992,1
4096,n<=128,sr<=40%,kvB<=1k,kp=0,0.3359,1
4096,n<=128,sr<=40%,kvB<=4k,kp<=2k,-0.0263,1
4096,n<=128,sr<=40%,kvB<=4k,kp<=512,-0.0002,1
4096,n<=128,sr<=40%,kvB<=4k,kp<=8k,-0.007,1
4096,n<=128,sr<=40%,kvB<=4k,kp=0,-0.0018,1
4096,n<=128,sr<=40%,kvB<=8k,kp<=2k,-2.0088,1
4096,n<=128,sr<=40%,kvB<=8k,kp<=512,-1.9961,1
4096,n<=128,sr<=40%,kvB<=8k,kp<=8k,-0.1994,1
4096,n<=128,sr<=40%,kvB<=8k,kp=0,-0.4472,1
4096,n<=128,sr<=5%,kvB<=1k,kp<=2k,0.165,4
4096,n<=128,sr<=5%,kvB<=1k,kp<=512,0.0602,4
4096,n<=128,sr<=5%,kvB<=1k,kp<=8k,-0.3878,3
4096,n<=128,sr<=5%,kvB<=1k,kp=0,-0.0904,4
4096,n<=128,sr<=5%,kvB<=4k,kp<=2k,0.0104,4
4096,n<=128,sr<=5%,kvB<=4k,kp<=512,-0.0011,4
4096,n<=128,sr<=5%,kvB<=4k,kp<=8k,0.0961,4
4096,n<=128,sr<=5%,kvB<=4k,kp=0,-0.0863,4
4096,n<=128,sr<=5%,kvB<=8k,kp<=2k,0.0704,4
4096,n<=128,sr<=5%,kvB<=8k,kp<=512,0.0711,4
4096,n<=128,sr<=5%,kvB<=8k,kp<=8k,0.0682,4
4096,n<=128,sr<=5%,kvB<=8k,kp=0,0.0359,4
4096,n<=128,sr<=70%,kvB<=1k,kp<=2k,7.323,1
4096,n<=128,sr<=70%,kvB<=1k,kp<=512,2.2134,1
4096,n<=128,sr<=70%,kvB<=1k,kp<=8k,-1.434,1
4096,n<=128,sr<=70%,kvB<=1k,kp=0,0.6942,1
4096,n<=128,sr<=70%,kvB<=4k,kp<=2k,-0.0006,1
4096,n<=128,sr<=70%,kvB<=4k,kp<=512,0.5331,1
4096,n<=128,sr<=70%,kvB<=4k,kp<=8k,0.0061,1
4096,n<=128,sr<=70%,kvB<=4k,kp=0,-0.5824,1
4096,n<=128,sr<=70%,kvB<=8k,kp<=2k,-47.359,1
4096,n<=128,sr<=70%,kvB<=8k,kp<=512,-3.3433,1
4096,n<=128,sr<=70%,kvB<=8k,kp=0,-518.1014,1
4096,n<=128,sr>70%,kvB<=1k,kp<=2k,0.4104,2
4096,n<=128,sr>70%,kvB<=1k,kp<=8k,-3.0372,1
4096,n<=128,sr>70%,kvB<=1k,kp=0,-0.4162,2
4096,n<=128,sr>70%,kvB<=4k,kp<=2k,0.7994,1
4096,n<=128,sr>70%,kvB<=4k,kp<=512,0.0913,2
4096,n<=128,sr>70%,kvB<=4k,kp<=8k,0.5831,2
4096,n<=128,sr>70%,kvB<=4k,kp=0,-0.0143,1
4096,n<=128,sr>70%,kvB<=8k,kp<=512,0.265,1
4096,n<=128,sr>70%,kvB<=8k,kp<=8k,-0.8909,2
4096,n<=128,sr>70%,kvB<=8k,kp=0,0.2151,2
4096,n<=2,sr<=70%,kvB<=1k,kp<=2k,-11.0801,1
4096,n<=2,sr<=70%,kvB<=1k,kp<=512,0.3116,1
4096,n<=2,sr<=70%,kvB<=1k,kp<=8k,19.0573,1
4096,n<=2,sr<=70%,kvB<=1k,kp=0,-0.5329,1
4096,n<=2,sr<=70%,kvB<=4k,kp<=2k,-0.1046,1
4096,n<=2,sr<=70%,kvB<=4k,kp<=512,-0.0673,1
4096,n<=2,sr<=70%,kvB<=4k,kp<=8k,-0.5701,1
4096,n<=2,sr<=70%,kvB<=4k,kp=0,0.0548,1
4096,n<=2,sr<=70%,kvB<=8k,kp<=8k,-68.625,1
4096,n<=32,sr<=15%,kvB<=1k,kp<=2k,0.4714,3
4096,n<=32,sr<=15%,kvB<=1k,kp<=512,0.0734,3
4096,n<=32,sr<=15%,kvB<=1k,kp<=8k,0.1954,3
4096,n<=32,sr<=15%,kvB<=1k,kp=0,0.0787,3
4096,n<=32,sr<=15%,kvB<=4k,kp<=2k,-0.191,3
4096,n<=32,sr<=15%,kvB<=4k,kp<=512,-0.087,3
4096,n<=32,sr<=15%,kvB<=4k,kp<=8k,-0.1564,3
4096,n<=32,sr<=15%,kvB<=4k,kp=0,0.038,3
4096,n<=32,sr<=15%,kvB<=8k,kp<=2k,-0.5022,3
4096,n<=32,sr<=15%,kvB<=8k,kp<=512,-0.5003,3
4096,n<=32,sr<=15%,kvB<=8k,kp<=8k,-0.3812,3
4096,n<=32,sr<=15%,kvB<=8k,kp=0,-0.3243,3
4096,n<=32,sr<=40%,kvB<=1k,kp<=2k,0.252,1
4096,n<=32,sr<=40%,kvB<=1k,kp<=512,1.3405,1
4096,n<=32,sr<=40%,kvB<=1k,kp<=8k,0.3719,1
4096,n<=32,sr<=40%,kvB<=1k,kp=0,0.2373,1
4096,n<=32,sr<=40%,kvB<=4k,kp<=2k,-0.0046,1
4096,n<=32,sr<=40%,kvB<=4k,kp<=512,0.0028,1
4096,n<=32,sr<=40%,kvB<=4k,kp<=8k,-0.2801,1
4096,n<=32,sr<=40%,kvB<=4k,kp=0,0.0016,1
4096,n<=32,sr<=40%,kvB<=8k,kp<=2k,-3.8735,1
4096,n<=32,sr<=40%,kvB<=8k,kp<=512,-2.0288,1
4096,n<=32,sr<=40%,kvB<=8k,kp<=8k,-1.946,1
4096,n<=32,sr<=40%,kvB<=8k,kp=0,-8.7912,1
4096,n<=32,sr<=5%,kvB<=1k,kp<=2k,-1.2553,1
4096,n<=32,sr<=5%,kvB<=1k,kp<=512,0.0231,1
4096,n<=32,sr<=5%,kvB<=1k,kp<=8k,0.3351,1
4096,n<=32,sr<=5%,kvB<=1k,kp=0,0.0232,1
4096,n<=32,sr<=5%,kvB<=4k,kp<=2k,0.217,1
4096,n<=32,sr<=5%,kvB<=4k,kp<=512,0.025,1
4096,n<=32,sr<=5%,kvB<=4k,kp<=8k,-0.1078,1
4096,n<=32,sr<=5%,kvB<=4k,kp=0,0.0274,1
4096,n<=32,sr<=5%,kvB<=8k,kp<=2k,-0.7054,1
4096,n<=32,sr<=5%,kvB<=8k,kp<=512,-0.4259,1
4096,n<=32,sr<=5%,kvB<=8k,kp<=8k,0.1084,1
4096,n<=32,sr<=5%,kvB<=8k,kp=0,-0.0294,1
4096,n<=32,sr<=70%,kvB<=1k,kp<=2k,2.9465,1
4096,n<=32,sr<=70%,kvB<=1k,kp<=512,0.2706,1
4096,n<=32,sr<=70%,kvB<=1k,kp<=8k,0.8688,1
4096,n<=32,sr<=70%,kvB<=1k,kp=0,0.22,1
4096,n<=32,sr<=70%,kvB<=4k,kp<=2k,-0.3972,1
4096,n<=32,sr<=70%,kvB<=4k,kp<=512,-0.2809,1
4096,n<=32,sr<=70%,kvB<=4k,kp=0,-0.0025,1
4096,n<=32,sr<=70%,kvB<=8k,kp<=2k,-3.8017,1
4096,n<=32,sr<=70%,kvB<=8k,kp<=512,-3.0893,1
4096,n<=32,sr>70%,kvB<=1k,kp<=512,0.9572,2
4096,n<=32,sr>70%,kvB<=1k,kp<=8k,-4.6165,1
4096,n<=32,sr>70%,kvB<=1k,kp=0,0.4192,2
4096,n<=32,sr>70%,kvB<=4k,kp<=2k,-4.5613,1
4096,n<=32,sr>70%,kvB<=4k,kp<=512,-0.071,2
4096,n<=32,sr>70%,kvB<=4k,kp<=8k,-1.2203,1
4096,n<=32,sr>70%,kvB<=4k,kp=0,0.1107,2
4096,n<=8,sr<=15%,kvB<=1k,kp<=2k,0.0749,1
4096,n<=8,sr<=15%,kvB<=1k,kp<=512,0.132,1
4096,n<=8,sr<=15%,kvB<=1k,kp<=8k,0.1285,1
4096,n<=8,sr<=15%,kvB<=1k,kp=0,0.1008,1
4096,n<=8,sr<=15%,kvB<=4k,kp<=2k,-0.5998,1
4096,n<=8,sr<=15%,kvB<=4k,kp<=512,0.0355,1
4096,n<=8,sr<=15%,kvB<=4k,kp<=8k,-5.8787,1
4096,n<=8,sr<=15%,kvB<=4k,kp=0,0.0658,1
4096,n<=8,sr<=15%,kvB<=8k,kp<=2k,-0.7505,1
4096,n<=8,sr<=15%,kvB<=8k,kp<=512,-0.3264,1
4096,n<=8,sr<=15%,kvB<=8k,kp<=8k,-0.8475,1
4096,n<=8,sr<=15%,kvB<=8k,kp=0,-0.2464,1
4096,n<=8,sr<=40%,kvB<=1k,kp<=2k,-1.4252,1
4096,n<=8,sr<=40%,kvB<=1k,kp<=512,0.1449,2
4096,n<=8,sr<=40%,kvB<=1k,kp<=8k,12.2846,1
4096,n<=8,sr<=40%,kvB<=1k,kp=0,0.1797,2
4096,n<=8,sr<=40%,kvB<=4k,kp<=2k,-0.0968,2
4096,n<=8,sr<=40%,kvB<=4k,kp<=512,0.0187,2
4096,n<=8,sr<=40%,kvB<=4k,kp<=8k,-0.1547,2
4096,n<=8,sr<=40%,kvB<=4k,kp=0,0.041,2
4096,n<=8,sr<=40%,kvB<=8k,kp<=2k,-1.153,1
4096,n<=8,sr<=40%,kvB<=8k,kp<=512,-1.5745,1
4096,n<=8,sr<=40%,kvB<=8k,kp<=8k,1.7291,1
4096,n<=8,sr<=40%,kvB<=8k,kp=0,-1.505,1
4096,n<=8,sr<=70%,kvB<=1k,kp<=2k,-2.2355,1
4096,n<=8,sr<=70%,kvB<=1k,kp<=512,0.2462,1
4096,n<=8,sr<=70%,kvB<=1k,kp=0,0.2176,1
4096,n<=8,sr<=70%,kvB<=4k,kp<=2k,-0.3884,1
4096,n<=8,sr<=70%,kvB<=4k,kp<=512,0.0095,1
4096,n<=8,sr<=70%,kvB<=4k,kp<=8k,-0.8998,1
4096,n<=8,sr<=70%,kvB<=4k,kp=0,0.0425,1
4096,n<=8,sr>70%,kvB<=1k,kp<=2k,-4.5335,1
4096,n<=8,sr>70%,kvB<=1k,kp<=512,0.5067,2
4096,n<=8,sr>70%,kvB<=1k,kp<=8k,19.6547,2
4096,n<=8,sr>70%,kvB<=1k,kp=0,0.3723,2
4096,n<=8,sr>70%,kvB<=4k,kp<=2k,1.9578,2
4096,n<=8,sr>70%,kvB<=4k,kp<=512,0.1608,2
4096,n<=8,sr>70%,kvB<=4k,kp<=8k,-2.003,1
4096,n<=8,sr>70%,kvB<=4k,kp=0,0.0681,2
4096,n<=8,sr>70%,kvB<=8k,kp=0,-50.3851,2
